ApplyLink,Company,Description,Location,Logo,Title,salary
https://www.vanguardjobs.com/job/11572492/developer-entry-level-2021-start-date-malvern-pa/?utm_medium=%2522mcloud%252Djobads%2522&utm_campaign=Default%2520Campaign&utm_content=Developer%2520%252D%2520Entry%252Dlevel%2520%252D%25202021%2520Start%2520Date&utm_term=133181,Vanguard,"Requirements
In this role you will
Build your technical and strategic skills as you work alongside crew from across the businessDesign front-end and back-end solutions for test-driven developmentChampion innovative ways, from concept to execution, that will help give crew and our clients the best chance for successShare your ideas and make your voice heard in an open collaborative team environmentUse your agility and curious mind to respond to new challenges in a fast-paced and rapidly changing environmentFollow agile methodologies such as Scrum, Kanban or adopt Lean principlesBuild Angular web applications and Restful micro-services using Java hosted on the AWS cloudWork on continuous delivery pipeline using Bamboo and run automated tests using Junit, Protractor, Jasmine and Selenium
Impact
Expand your career horizons
Working in Technology instills you with a constant desire to learn new abilities and adapt to emerging trends. Vanguard gives you the freedom to explore new career possibilities, helping develop the skills and confidence needed to let a career in technology flourish. Utilize your creative approach to finding solutions in an open and inclusive environment where we value your unique perspective and natural curiosity.
Qualifications
What it takes
Undergraduate degree in a related field or the equivalent combination of training and experience0 - 3 years of relevant experienceGood written and oral communication skillsGood analysis and problem solving skills
Special Factors
Vanguard is not offering visa sponsorship for this position.
About Vanguard
We are Vanguard. Together, we’re changing the way the world invests.
For us, investing doesn’t just end in value. It starts with values. Because when you invest with courage, when you invest with clarity, and when you invest with care, you can get so much more in return. We invest with purpose – and that’s how we’ve become a global market leader. Here, we grow by doing the right thing for the people we serve. And so can you.
We want to make success accessible to everyone. This is our opportunity. Let’s make it count.
Inclusion Statement
Vanguard’s continued commitment to diversity and inclusion is firmly rooted in our culture. Every decision we make to best serve our clients, crew (internally employees are referred to as crew), and communities is guided by one simple statement: “Do the right thing.”
We believe that a critical aspect of doing the right thing requires building diverse, inclusive, and highly effective teams of individuals who are as unique as the clients they serve. We empower our crew to contribute their distinct strengths to achieving Vanguard’s core purpose through our values.
When all crew members feel valued and included, our ability to collaborate and innovate is amplified, and we are united in delivering on Vanguard's core purpose. To take a stand for all investors, to treat them fairly, and to give them the best chance for investment success.","Malvern, PA",https://www.simplyhired.com/serp/imgrGpQ4sBkyCZSWyPYXBZ5thF3bMfWn0U5JgJw7RZg2XahUGRHZcmqronydJ_v2x1qn9xzK7M0XCQyIVoIyMxgzx24rifHX2Z6ttReYtlzBhhBsKH20GJm-5OTbfsPo1M74XpQEnWVNRpUBcF3mCNlJKe1jV8,,"Estimated: ,$65,000 - $92,000 a year"
https://careers.sig.com/job/SUSQA004Y5098/Technology-Co-op?mode=job&iis=Indeed&iisn=Indeed.com,Susquehanna International Group,"Overview
SIG is a global quantitative trading firm founded with an entrepreneurial mindset and a rigorous analytical approach to decision making. We commit our own capital to trade financial products around the world.
With experts in almost every discipline, we build some of the most powerful trading systems in the financial industry. By integrating sophisticated coding techniques with innovative engineering ideas, we design and optimize systems that can process massive amounts of data while still ensuring high performance and stability. Working with traders and quants, our systems engineers, network architects, technical analysts and software developers create industry-leading technical solutions.
Our nearly 800 technologists are quick-thinking, open-minded, able to execute on ideas, and committed to innovation. We use an iterative and agile approach, testing and improving our ideas along the way. Our engineers and developers focus on the entire technology stack, always with an eye towards evolving a stable, scalable, optimized technology environment with minimized risk.
SIG’s co-op students directly impact day-to-day projects in our technology teams. The SIG Co-op Program gives you an opportunity to apply what you learn in class to real world scenarios. We offer co-op classes at SIG designed to further familiarize you with our business, the markets, and the different entities that operate under the SIG umbrella. Application Development, Application Testing, Database Development, Web Development Server/Platform Services, Storage and Backup, Database Administration, Citrix Administration, and Data Center OperationsNetwork OperationsSecurity Trade Room Support, Help Desk, and Electronic Trade Support
What we're looking for
Computer Science, Information Technology, Engineering, Math, Physics or other technical major preferredMinimum GPA of 3.0Strong communication skills; ability to interact effectively with all levels of the organizationMust be a self starter, a quick learner, and resourceful in solving problemsAbility to work as part of a team while having the confidence to act autonomouslyAttention to detail; ability to handle multiple tasks in a fast-paced environmentKnowledge of technologies related to specific technical domain (including but not limited to: C++, C#.Net, Java, scripting languages, Oracle, SQL server, Windows/Linux operating systems, TCP/IP routers, switches, networking and security technologies, firewalls)Experience in the financial services industry or completion of finance/investment related coursework a plus
We don’t post salary ranges externally so any salary estimate you see listed on a third party website was not provided by SIG and may not be accurate.
SIG is not accepting unsolicited resumes from search firms. All resumes submitted by search firms to any employee at SIG via-email, the Internet or directly without a valid written search agreement will be deemed the sole property of SIG, and no fee will be paid in the event the candidate is hired by SIG","Philadelphia, PA",https://www.simplyhired.com/serp/imgpZI7qJ0c3OFZ0jUJyuZczi2ZqR1YsvHUn-Dr7SectQ9f0jKynVRRD074iS8YgyG9eCa4T_pva9jPvMnEwcmjXVrLWSN5GiRD0IANW5t4YYegNnjqaP5ZbFbTI-qqzW99nlzCvC__Gy1krAmJQuGBUVebWUc,,"Estimated: ,$71,000 - $100,000 a year"
